id,first_name,last_name,email,department
1,Martie,Maclean,mmaclean0@pbs.org,Marketing
2,Willetta,Gilston,wgilston1@buzzfeed.com,Human Resources
3,Cornall,Selliman,cselliman2@slashdot.org,Human Resources
4,Horatius,Vila,hvila3@xinhuanet.com,Training
5,Shandy,Breissan,sbreissan4@prweb.com,Research and Development
6,Lewiss,Durrell,ldurrell5@abc.net.au,Engineering
7,Samaria,Bousfield,sbousfield6@imdb.com,Legal
8,Tommy,Middlehurst,tmiddlehurst7@go.com,Legal
9,Bronny,Insall,binsall8@berkeley.edu,Business Development
10,Alysia,Hellyar,ahellyar9@shareasale.com,Sales
11,Martin,Gabbitas,mgabbitasa@joomla.org,Training
12,Francyne,Rathmell,frathmellb@comsenz.com,Support
13,Jan,De Biasi,jdebiasic@about.com,Marketing
14,Laurianne,Hugett,lhugettd@nymag.com,Training
15,Bonnie,Throughton,bthroughtone@de.vu,Human Resources
16,Lorens,Godfery,lgodferyf@hubpages.com,Sales
17,Sophi,Gors,sgorsg@state.gov,Accounting
18,Analise,Franzotto,afranzottoh@issuu.com,Engineering
19,Hagan,De Domenicis,hdedomenicisi@netvibes.com,Sales
20,Brant,Arnaudot,barnaudotj@phoca.cz,Training
21,Farlie,Booley,fbooleyk@hao123.com,Sales
22,Pierce,Wurz,pwurzl@ebay.co.uk,Legal
23,Sully,Ander,sanderm@google.cn,Marketing
24,Emmott,Ruffli,erufflin@woothemes.com,Research and Development
25,Gabi,Stather,gstathero@opera.com,Accounting
26,Giorgia,Hendrix,ghendrixp@thetimes.co.uk,Engineering
27,Beverlie,McCulloch,bmccullochq@globo.com,Human Resources
28,Holmes,Yuryev,hyuryevr@desdev.cn,Engineering
29,Walker,Fairman,wfairmans@linkedin.com,Human Resources
30,Gerri,McRavey,gmcraveyt@behance.net,Human Resources
31,Henderson,Kraut,hkrautu@auda.org.au,Engineering
32,Aubrette,Flippen,aflippenv@wisc.edu,Research and Development
33,Christi,Geistbeck,cgeistbeckw@guardian.co.uk,Accounting
34,Deborah,Gummory,dgummoryx@example.com,Business Development
35,Aloise,Gisbourn,agisbourny@trellian.com,Accounting
36,Torrin,Bellefant,tbellefantz@cocolog-nifty.com,Marketing
37,Lynette,Madgewick,lmadgewick10@phpbb.com,Product Management
38,Carry,Rawne,crawne11@aol.com,Sales
39,Guillaume,Janous,gjanous12@geocities.com,Sales
40,Chadd,Faulds,cfaulds13@time.com,Support
41,Gibby,Ward,gward14@dailymail.co.uk,Accounting
42,Roxie,Bason,rbason15@java.com,Business Development
43,Rosanne,Matchitt,rmatchitt16@earthlink.net,Human Resources
44,Margy,McPaike,mmcpaike17@apache.org,Accounting
45,Artemis,Pennoni,apennoni18@businesswire.com,Marketing
46,Gay,Whyard,gwhyard19@shareasale.com,Business Development
47,Nerissa,Burnet,nburnet1a@comsenz.com,Training
48,Wallace,Warne,wwarne1b@goodreads.com,Training
49,Dionis,Schuricke,dschuricke1c@google.co.jp,Research and Development
50,Ervin,Manass,emanass1d@baidu.com,Training
51,Mair,Cardinal,mcardinal1e@army.mil,Engineering
52,Arvy,Gosnall,agosnall1f@privacy.gov.au,Engineering
53,Moses,Vuitton,mvuitton1g@java.com,Marketing
54,Demetre,Kepp,dkepp1h@hugedomains.com,Human Resources
55,Vally,McIlhone,vmcilhone1i@vinaora.com,Business Development
56,Adara,Lennox,alennox1j@mit.edu,Services
57,Winnie,Purcer,wpurcer1k@marriott.com,Legal
58,Johnny,Jaskiewicz,jjaskiewicz1l@blogtalkradio.com,Legal
59,Abigale,Tregust,atregust1m@buzzfeed.com,Marketing
60,Rabi,Hanner,rhanner1n@linkedin.com,Sales
61,Iosep,Kiddye,ikiddye1o@paypal.com,Business Development
62,Cozmo,Snartt,csnartt1p@si.edu,Research and Development
63,Obidiah,Oldall,ooldall1q@java.com,Human Resources
64,Joelie,Boerderman,jboerderman1r@time.com,Engineering
65,Krissy,Crannage,kcrannage1s@loc.gov,Engineering
66,Gerianne,Dreinan,gdreinan1t@cdc.gov,Training
67,Michaelina,Senn,msenn1u@dedecms.com,Services
68,Karlotte,Harkess,kharkess1v@zdnet.com,Marketing
69,Kirsten,Owttrim,kowttrim1w@theglobeandmail.com,Support
70,Pennie,McWhin,pmcwhin1x@wiley.com,Training
71,Waldon,Brice,wbrice1y@multiply.com,Engineering
72,Delinda,Hatto,dhatto1z@nationalgeographic.com,Human Resources
73,Lindy,Peterkin,lpeterkin20@youku.com,Training
74,Beulah,Denes,bdenes21@icio.us,Marketing
75,Kerwin,Staterfield,kstaterfield22@webs.com,Sales
76,Isobel,Ebbitt,iebbitt23@cam.ac.uk,Sales
77,Phillipp,Fidgin,pfidgin24@opensource.org,Product Management
78,Mac,Creane,mcreane25@deviantart.com,Legal
79,Liv,Wasiela,lwasiela26@pagesperso-orange.fr,Sales
80,Stevana,Highman,shighman27@nsw.gov.au,Business Development
81,Roseline,Wherrett,rwherrett28@cnn.com,Product Management
82,Halette,O'Lunney,holunney29@amazon.com,Human Resources
83,Rupert,Johanning,rjohanning2a@disqus.com,Marketing
84,Ardene,Jindacek,ajindacek2b@vistaprint.com,Business Development
85,Dale,Spacy,dspacy2c@washington.edu,Support
86,Hewitt,MacKaig,hmackaig2d@webmd.com,Legal
87,Tait,Buncombe,tbuncombe2e@house.gov,Engineering
88,Merilee,Tommaseo,mtommaseo2f@nhs.uk,Human Resources
89,Sheela,Stickings,sstickings2g@bluehost.com,Sales
90,Brand,Najera,bnajera2h@typepad.com,Sales
91,Farrel,Laphorn,flaphorn2i@wiley.com,Training
92,Ashbey,Bazely,abazely2j@cnbc.com,Human Resources
93,Federica,Peploe,fpeploe2k@youtube.com,Marketing
94,Valina,Burg,vburg2l@vkontakte.ru,Services
95,Brynne,Lghan,blghan2m@redcross.org,Research and Development
96,Eddy,Stickford,estickford2n@shinystat.com,Product Management
97,Sandye,Parmiter,sparmiter2o@shareasale.com,Sales
98,Kaylee,Iggulden,kiggulden2p@free.fr,Training
99,Truda,Alldis,talldis2q@ed.gov,Engineering
100,Gene,Geach,ggeach2r@myspace.com,Services
101,Nils,Di Biagio,ndibiagio2s@google.nl,Services
102,Madlin,Daniau,mdaniau2t@hatena.ne.jp,Research and Development
103,Milka,Reary,mreary2u@prweb.com,Research and Development
104,Mischa,Scorrer,mscorrer2v@youtu.be,Human Resources
105,Morgun,Martugin,mmartugin2w@marriott.com,Engineering
106,Erich,Funcheon,efuncheon2x@alibaba.com,Product Management
107,Olin,Philipeaux,ophilipeaux2y@senate.gov,Support
108,Arthur,Anneslie,aanneslie2z@ebay.co.uk,Product Management
109,Ciel,Goreisr,cgoreisr30@bbc.co.uk,Accounting
110,Cybill,Morales,cmorales31@free.fr,Product Management
111,Hatty,Adriaan,hadriaan32@issuu.com,Support
112,Ethyl,Flucker,eflucker33@yelp.com,Engineering
113,Allard,Witham,awitham34@fc2.com,Marketing
114,Silvie,Belliveau,sbelliveau35@economist.com,Product Management
115,Moria,Muehle,mmuehle36@drupal.org,Accounting
116,Issy,Brusby,ibrusby37@reddit.com,Research and Development
117,Fey,Barts,fbarts38@feedburner.com,Services
118,Dina,Steger,dsteger39@vinaora.com,Engineering
119,Kally,Rheaume,krheaume3a@1und1.de,Training
120,Zoe,Gierhard,zgierhard3b@omniture.com,Training
121,Yetta,Delves,ydelves3c@netvibes.com,Sales
122,Tallou,Arnaud,tarnaud3d@yahoo.co.jp,Human Resources
123,Cesaro,Curtin,ccurtin3e@com.com,Business Development
124,Hesther,Brugmann,hbrugmann3f@msu.edu,Engineering
125,Dulce,Lassell,dlassell3g@narod.ru,Accounting
126,Evy,Brandone,ebrandone3h@goo.gl,Accounting
127,Brewster,Winman,bwinman3i@dell.com,Research and Development
128,Amelina,Secker,asecker3j@mediafire.com,Sales
129,Darelle,Rummery,drummery3k@state.gov,Research and Development
130,Tom,De Freyne,tdefreyne3l@soundcloud.com,Product Management
131,Bill,Topp,btopp3m@amazonaws.com,Sales
132,Ingaborg,De Micoli,idemicoli3n@clickbank.net,Legal
133,Chevalier,Currie,ccurrie3o@nydailynews.com,Training
134,Konstantin,Vayro,kvayro3p@paypal.com,Accounting
135,Hagen,St. Clair,hstclair3q@unc.edu,Services
136,Angy,Boldecke,aboldecke3r@cyberchimps.com,Support
137,Lyn,Ricardon,lricardon3s@google.nl,Engineering
138,Camel,Bliben,cbliben3t@alexa.com,Product Management
139,Hazlett,Ryles,hryles3u@simplemachines.org,Accounting
140,Hannis,Childs,hchilds3v@privacy.gov.au,Services
141,Therine,Torri,ttorri3w@mlb.com,Services
142,Verina,Clayden,vclayden3x@disqus.com,Research and Development
143,Rahel,Acors,racors3y@aol.com,Legal
144,Vince,Routhorn,vrouthorn3z@cnn.com,Marketing
145,Leon,Kondratyuk,lkondratyuk40@amazon.co.uk,Training
146,Bev,Mignot,bmignot41@multiply.com,Marketing
147,Moises,Whitebrook,mwhitebrook42@discovery.com,Training
148,Dulcia,Mazzey,dmazzey43@state.tx.us,Support
149,Jayme,Lacase,jlacase44@php.net,Accounting
150,Elmo,Wilfinger,ewilfinger45@desdev.cn,Support
151,Madelaine,Randals,mrandals46@360.cn,Product Management
152,Daloris,Keeltagh,dkeeltagh47@sohu.com,Legal
153,Inna,Chasemoore,ichasemoore48@craigslist.org,Support
154,Justis,Follit,jfollit49@infoseek.co.jp,Training
155,Kirbie,Heaysman,kheaysman4a@europa.eu,Support
156,Cherin,Rasell,crasell4b@cbc.ca,Services
157,Cristin,Lackey,clackey4c@phpbb.com,Human Resources
158,Rachael,Hartwell,rhartwell4d@bloglovin.com,Research and Development
159,Shari,Etherson,setherson4e@homestead.com,Training
160,Debor,Frandsen,dfrandsen4f@jimdo.com,Support
161,Madelina,Sant,msant4g@ft.com,Marketing
162,Kirby,Bigrigg,kbigrigg4h@networkadvertising.org,Engineering
163,Mikel,Wintour,mwintour4i@cloudflare.com,Human Resources
164,Diahann,Rathmell,drathmell4j@indiatimes.com,Human Resources
165,Pen,Behn,pbehn4k@desdev.cn,Support
166,Lisetta,Babbs,lbabbs4l@sogou.com,Marketing
167,Sula,Orange,sorange4m@mashable.com,Business Development
168,Lexy,Berr,lberr4n@stumbleupon.com,Accounting
169,Anthia,Webben,awebben4o@zimbio.com,Support
170,Britney,Whewell,bwhewell4p@newsvine.com,Support
171,Thedric,Folliss,tfolliss4q@businessinsider.com,Research and Development
172,Darb,Ibbett,dibbett4r@taobao.com,Services
173,Annadiane,MacVean,amacvean4s@technorati.com,Business Development
174,Jarrid,McIlwreath,jmcilwreath4t@pcworld.com,Legal
175,Ebonee,McCarlich,emccarlich4u@twitpic.com,Training
176,Lea,MacFadyen,lmacfadyen4v@economist.com,Engineering
177,Cchaddie,Guyonneau,cguyonneau4w@typepad.com,Training
178,Ben,Fayerbrother,bfayerbrother4x@mlb.com,Sales
179,Maureene,Haynes,mhaynes4y@nih.gov,Research and Development
180,Hilly,Dobsons,hdobsons4z@google.com,Business Development
181,Margaux,Puddan,mpuddan50@behance.net,Services
182,Wallache,Gleed,wgleed51@themeforest.net,Human Resources
183,Kaitlin,Southerden,ksoutherden52@ca.gov,Training
184,Mitch,Bayfield,mbayfield53@sakura.ne.jp,Business Development
185,Brena,McCue,bmccue54@usnews.com,Marketing
186,Pieter,Pawelke,ppawelke55@fda.gov,Product Management
187,Drusie,Fritz,dfritz56@i2i.jp,Marketing
188,Joelynn,Loftus,jloftus57@mysql.com,Marketing
189,Georgia,Wiffler,gwiffler58@ibm.com,Services
190,Arabela,Stobbes,astobbes59@comsenz.com,Legal
191,Ruperta,Tweedell,rtweedell5a@marketwatch.com,Training
192,Hilary,Schonfeld,hschonfeld5b@archive.org,Engineering
193,Leeanne,Iremonger,liremonger5c@kickstarter.com,Training
194,Johnathan,Curnow,jcurnow5d@tripadvisor.com,Business Development
195,Winny,Allardyce,wallardyce5e@plala.or.jp,Sales
196,Rhonda,Breckwell,rbreckwell5f@creativecommons.org,Accounting
197,Ade,Daltry,adaltry5g@bravesites.com,Product Management
198,Giffard,Ghilardini,gghilardini5h@msu.edu,Services
199,Perry,Knappe,pknappe5i@4shared.com,Product Management
200,Huberto,Bertrand,hbertrand5j@yandex.ru,Marketing
201,Basilio,Spyby,bspyby5k@hud.gov,Accounting
202,Vina,Olivetta,volivetta5l@disqus.com,Accounting
203,Florenza,Nerney,fnerney5m@shinystat.com,Research and Development
204,Cacilie,Perett,cperett5n@accuweather.com,Marketing
205,Hervey,Areles,hareles5o@stanford.edu,Marketing
206,Berkie,Dewdney,bdewdney5p@google.pl,Product Management
207,Alis,Petters,apetters5q@census.gov,Services
208,Trixie,Neenan,tneenan5r@deliciousdays.com,Training
209,Salomone,Ockland,sockland5s@huffingtonpost.com,Human Resources
210,Rog,Douthwaite,rdouthwaite5t@google.pl,Legal
211,Selia,Kilcullen,skilcullen5u@mlb.com,Business Development
212,Dolley,Stenson,dstenson5v@mtv.com,Business Development
213,Free,Peasnone,fpeasnone5w@google.ca,Accounting
214,Giacopo,Carn,gcarn5x@army.mil,Legal
215,Ingaberg,Wimlett,iwimlett5y@earthlink.net,Sales
216,Issie,Pettyfer,ipettyfer5z@craigslist.org,Research and Development
217,Patrizius,Clarycott,pclarycott60@apache.org,Research and Development
218,Katlin,Haresnaip,kharesnaip61@acquirethisname.com,Engineering
219,Inigo,Westmancoat,iwestmancoat62@wordpress.com,Legal
220,Alexandros,Carradice,acarradice63@ed.gov,Business Development
221,Berrie,Beacom,bbeacom64@yandex.ru,Sales
222,Alonzo,Geekie,ageekie65@multiply.com,Accounting
223,Connie,Valencia,cvalencia66@phoca.cz,Human Resources
224,Lucho,Bernini,lbernini67@yellowpages.com,Business Development
225,Ermengarde,Hardwidge,ehardwidge68@issuu.com,Legal
226,Curran,Klaes,cklaes69@zimbio.com,Services
227,Jinny,Burchett,jburchett6a@cdc.gov,Human Resources
228,Erika,Sharpe,esharpe6b@slate.com,Sales
229,Cassi,Bruntjen,cbruntjen6c@yahoo.co.jp,Support
230,Davida,Peplow,dpeplow6d@ifeng.com,Human Resources
231,Vivie,Hucklesby,vhucklesby6e@amazon.de,Engineering
232,Shermie,Thurman,sthurman6f@imdb.com,Research and Development
233,Cal,Hearnshaw,chearnshaw6g@amazon.co.jp,Research and Development
234,Gisella,Renshaw,grenshaw6h@vimeo.com,Legal
235,Mahmud,Goward,mgoward6i@tiny.cc,Research and Development
236,Booth,Gregoire,bgregoire6j@cnet.com,Support
237,Llewellyn,Ivashev,livashev6k@51.la,Legal
238,Heinrick,Teale,hteale6l@nature.com,Accounting
239,Elwyn,Gerger,egerger6m@mayoclinic.com,Research and Development
240,Courtney,McEnhill,cmcenhill6n@tinypic.com,Product Management
241,Agace,Blasetti,ablasetti6o@clickbank.net,Sales
242,Shandee,Turpey,sturpey6p@tinypic.com,Business Development
243,Heinrik,Allnutt,hallnutt6q@theatlantic.com,Accounting
244,Tove,Oldale,toldale6r@geocities.com,Services
245,Guenna,Franey,gfraney6s@jiathis.com,Research and Development
246,Zorah,Morcom,zmorcom6t@nps.gov,Accounting
247,Sumner,Gorwood,sgorwood6u@pen.io,Accounting
248,Ninnette,David,ndavid6v@nydailynews.com,Business Development
249,Daffie,Griffe,dgriffe6w@tinypic.com,Research and Development
250,Hanni,Linton,hlinton6x@mayoclinic.com,Accounting
251,Karly,Hutchence,khutchence6y@desdev.cn,Training
252,Fabien,Storrock,fstorrock6z@yellowbook.com,Engineering
253,Salvador,Satch,ssatch70@purevolume.com,Accounting
254,Janith,Vignaux,jvignaux71@kickstarter.com,Business Development
255,Philippine,Bentinck,pbentinck72@stanford.edu,Legal
256,Beverley,Kloisner,bkloisner73@bluehost.com,Human Resources
257,Darbie,Dykes,ddykes74@nhs.uk,Marketing
258,Bat,Di Napoli,bdinapoli75@diigo.com,Services
259,Harriot,Riseborough,hriseborough76@wikimedia.org,Legal
260,Jdavie,Petzold,jpetzold77@nhs.uk,Legal
261,Wenonah,Arthan,warthan78@youtu.be,Marketing
262,Vita,Stot,vstot79@stumbleupon.com,Product Management
263,Julia,Manz,jmanz7a@google.com.hk,Sales
264,Viva,Wigfall,vwigfall7b@google.co.uk,Research and Development
265,Netta,Rudsdale,nrudsdale7c@adobe.com,Business Development
266,Courtnay,Kislingbury,ckislingbury7d@spiegel.de,Accounting
267,Bowie,Wimsett,bwimsett7e@flavors.me,Research and Development
268,Skip,Torrent,storrent7f@slashdot.org,Legal
269,Blane,Welland,bwelland7g@facebook.com,Sales
270,Chad,Tooby,ctooby7h@technorati.com,Marketing
271,Pascale,Ricson,pricson7i@cnet.com,Research and Development
272,See,Crozier,scrozier7j@nba.com,Product Management
273,Halley,Tenny,htenny7k@fema.gov,Research and Development
274,Marcy,Weatherdon,mweatherdon7l@ftc.gov,Human Resources
275,Griffith,Louth,glouth7m@ebay.co.uk,Engineering
276,Lucian,Bretherick,lbretherick7n@columbia.edu,Sales
277,Ninnetta,Hogsden,nhogsden7o@toplist.cz,Business Development
278,Jojo,Jakubovski,jjakubovski7p@eepurl.com,Marketing
279,Carol,Pimme,cpimme7q@globo.com,Product Management
280,Rey,Wittier,rwittier7r@mozilla.org,Human Resources
281,Hilary,Rochford,hrochford7s@archive.org,Training
282,Steffie,Lotherington,slotherington7t@zdnet.com,Human Resources
283,Benoit,Barbe,bbarbe7u@com.com,Marketing
284,Valida,Ferrettini,vferrettini7v@wikispaces.com,Product Management
285,Harriett,Lulham,hlulham7w@studiopress.com,Support
286,Gwynne,Tillot,gtillot7x@infoseek.co.jp,Sales
287,Isabelle,Moylane,imoylane7y@google.ru,Services
288,Rania,Fearey,rfearey7z@mapy.cz,Training
289,Beatrix,Androletti,bandroletti80@abc.net.au,Sales
290,Dorian,Sabbin,dsabbin81@qq.com,Research and Development
291,Shane,Fazzioli,sfazzioli82@cloudflare.com,Accounting
292,Kassie,Mordin,kmordin83@chronoengine.com,Legal
293,Doyle,Swafield,dswafield84@arizona.edu,Services
294,Fitzgerald,Keable,fkeable85@noaa.gov,Marketing
295,Ilyse,Rhydderch,irhydderch86@so-net.ne.jp,Research and Development
296,Norah,Haddrell,nhaddrell87@dion.ne.jp,Research and Development
297,Patience,Calleja,pcalleja88@patch.com,Services
298,Emelia,Foulstone,efoulstone89@amazon.co.uk,Accounting
299,Sorcha,O'Mailey,somailey8a@sun.com,Support
300,Meghan,Burwin,mburwin8b@rambler.ru,Accounting
301,Gwenni,Ganley,gganley8c@archive.org,Human Resources
302,Marilyn,Spaice,mspaice8d@wsj.com,Training
303,Henri,Parvin,hparvin8e@flavors.me,Accounting
304,Hymie,Deport,hdeport8f@123-reg.co.uk,Human Resources
305,Dorise,Puddin,dpuddin8g@xinhuanet.com,Sales
306,Northrup,Barti,nbarti8h@icq.com,Product Management
307,Carmine,Boyson,cboyson8i@cnbc.com,Research and Development
308,Peyter,Cometti,pcometti8j@ocn.ne.jp,Services
309,Forrester,Flemyng,fflemyng8k@wikia.com,Product Management
310,Brandtr,Knudsen,bknudsen8l@oracle.com,Training
311,Rich,Goodfellowe,rgoodfellowe8m@storify.com,Services
312,Justus,Sheaber,jsheaber8n@friendfeed.com,Training
313,Bordy,Gerbi,bgerbi8o@cdc.gov,Business Development
314,Jordan,Haggath,jhaggath8p@webmd.com,Human Resources
315,Hedvig,Postin,hpostin8q@wix.com,Sales
316,Tades,Ribey,tribey8r@umn.edu,Services
317,Barry,Effaunt,beffaunt8s@soup.io,Human Resources
318,Kendal,Soane,ksoane8t@qq.com,Accounting
319,Charla,Antoniazzi,cantoniazzi8u@dion.ne.jp,Accounting
320,Butch,Spacie,bspacie8v@google.cn,Engineering
321,Maye,Montier,mmontier8w@umn.edu,Accounting
322,Dilan,Froment,dfroment8x@latimes.com,Human Resources
323,Raf,Blockey,rblockey8y@wikispaces.com,Business Development
324,Dorri,Hoult,dhoult8z@mysql.com,Human Resources
325,Gael,Mortlock,gmortlock90@studiopress.com,Marketing
326,Valaria,Yearnsley,vyearnsley91@wiley.com,Engineering
327,Stacee,Ruperto,sruperto92@mac.com,Support
328,Alwin,Ghest,aghest93@pbs.org,Services
329,Dennet,Reisenstein,dreisenstein94@indiegogo.com,Support
330,Cristian,Philpott,cphilpott95@e-recht24.de,Engineering
331,Daune,Margaret,dmargaret96@altervista.org,Marketing
332,Ciro,Choupin,cchoupin97@oakley.com,Human Resources
333,Hinze,Nevison,hnevison98@taobao.com,Accounting
334,Didi,Caseri,dcaseri99@google.com.br,Support
335,Norby,Forsbey,nforsbey9a@example.com,Business Development
336,Virgina,Kunert,vkunert9b@ted.com,Legal
337,Cordi,Tofpik,ctofpik9c@discuz.net,Legal
338,Ursuline,Glastonbury,uglastonbury9d@wordpress.org,Training
339,Valera,Whooley,vwhooley9e@discovery.com,Accounting
340,Frannie,Stelfox,fstelfox9f@boston.com,Human Resources
341,Jarret,Springtorpe,jspringtorpe9g@ucla.edu,Legal
342,Orelle,Gillbanks,ogillbanks9h@shareasale.com,Human Resources
343,Ardelle,Maggorini,amaggorini9i@meetup.com,Services
344,Laurens,Birtwistle,lbirtwistle9j@myspace.com,Marketing
345,Abdul,Schulke,aschulke9k@nationalgeographic.com,Product Management
346,Chrissy,Cordie,ccordie9l@yale.edu,Human Resources
347,Manya,Dalla,mdalla9m@buzzfeed.com,Human Resources
348,Gil,Goomes,ggoomes9n@quantcast.com,Engineering
349,Matthew,Lewnden,mlewnden9o@marketwatch.com,Business Development
350,Krystyna,Barks,kbarks9p@home.pl,Training
351,Natalie,Poschel,nposchel9q@globo.com,Research and Development
352,Salomo,Moogan,smoogan9r@archive.org,Human Resources
353,Cirilo,Sapp,csapp9s@washingtonpost.com,Support
354,Ferdinand,Gerber,fgerber9t@e-recht24.de,Engineering
355,Willdon,Gillani,wgillani9u@yellowbook.com,Marketing
356,Hobey,McAne,hmcane9v@springer.com,Business Development
357,Anatollo,Haldenby,ahaldenby9w@marriott.com,Business Development
358,Merna,Ovendon,movendon9x@vinaora.com,Accounting
359,Eloise,Kordes,ekordes9y@de.vu,Legal
360,Edythe,Ouslem,eouslem9z@vk.com,Accounting
361,Allyce,Impy,aimpya0@techcrunch.com,Marketing
362,Christos,McGiff,cmcgiffa1@vistaprint.com,Accounting
363,Raffarty,Linbohm,rlinbohma2@dropbox.com,Research and Development
364,Marcille,Zoppo,mzoppoa3@1688.com,Training
365,Beryl,Hubback,bhubbacka4@360.cn,Sales
366,Arte,Pinching,apinchinga5@smugmug.com,Business Development
367,Feliza,Bertelsen,fbertelsena6@quantcast.com,Engineering
368,Saunder,David,sdavida7@baidu.com,Accounting
369,Padraig,Vannuccinii,pvannucciniia8@usda.gov,Sales
370,Charlie,Jovanovic,cjovanovica9@buzzfeed.com,Accounting
371,Vernen,Tosspell,vtosspellaa@istockphoto.com,Services
372,Emmott,Handscomb,ehandscombab@mac.com,Product Management
373,Jaine,Adshed,jadshedac@artisteer.com,Marketing
374,Dorian,McDonand,dmcdonandad@hexun.com,Training
375,Nariko,Golland,ngollandae@edublogs.org,Accounting
376,Yuri,Pellew,ypellewaf@t-online.de,Accounting
377,Pattie,Donnel,pdonnelag@boston.com,Engineering
378,Irita,Wrates,iwratesah@mail.ru,Legal
379,Caye,Pinnick,cpinnickai@ebay.com,Product Management
380,Adah,Callear,acallearaj@t-online.de,Engineering
381,Allie,Szymczyk,aszymczykak@ftc.gov,Legal
382,Bryana,Malyon,bmalyonal@arizona.edu,Support
383,Manny,Liveley,mliveleyam@go.com,Legal
384,Minnaminnie,Goodbody,mgoodbodyan@tuttocitta.it,Accounting
385,Philippine,Castellet,pcastelletao@bandcamp.com,Legal
386,Dredi,Gilhespy,dgilhespyap@ucoz.ru,Product Management
387,Martelle,Jagger,mjaggeraq@1688.com,Product Management
388,Cory,Dorbin,cdorbinar@google.com.hk,Business Development
389,Louie,Olenchenko,lolenchenkoas@apache.org,Accounting
390,Shaughn,Satcher,ssatcherat@blogtalkradio.com,Support
391,Angele,Kauschke,akauschkeau@europa.eu,Marketing
392,Goldarina,McJury,gmcjuryav@alexa.com,Marketing
393,Shannon,Tyre,styreaw@shutterfly.com,Engineering
394,Jermaine,Wehner,jwehnerax@simplemachines.org,Training
395,Toiboid,Scrivner,tscrivneray@answers.com,Legal
396,Alejandra,Siddon,asiddonaz@cnet.com,Marketing
397,Blondell,Donovan,bdonovanb0@qq.com,Training
398,Hortensia,Chilles,hchillesb1@csmonitor.com,Marketing
399,Frederic,Pigford,fpigfordb2@zimbio.com,Human Resources
400,Guinna,Bediss,gbedissb3@is.gd,Sales
401,Allx,Quogan,aquoganb4@cisco.com,Services
402,Brinn,Langfield,blangfieldb5@squidoo.com,Engineering
403,Georgetta,Neaves,gneavesb6@illinois.edu,Legal
404,Gale,Bernaldez,gbernaldezb7@princeton.edu,Services
405,Jabez,Hedden,jheddenb8@merriam-webster.com,Product Management
406,Augustin,Parkins,aparkinsb9@skyrock.com,Sales
407,Ruggiero,Picton,rpictonba@jimdo.com,Human Resources
408,Carol,Noell,cnoellbb@1und1.de,Business Development
409,Nessie,Brunnen,nbrunnenbc@edublogs.org,Accounting
410,Homere,MacArthur,hmacarthurbd@youtube.com,Business Development
411,Gertie,Cattle,gcattlebe@wix.com,Support
412,Ozzy,Pourveer,opourveerbf@nature.com,Engineering
413,Rockie,Cokayne,rcokaynebg@clickbank.net,Services
414,Candace,MacCumeskey,cmaccumeskeybh@cargocollective.com,Legal
415,Ruddy,Crossby,rcrossbybi@virginia.edu,Engineering
416,Martina,Jowitt,mjowittbj@marketwatch.com,Legal
417,Caressa,Marchi,cmarchibk@uiuc.edu,Legal
418,Catriona,Hayler,chaylerbl@icio.us,Services
419,Jessica,Bossingham,jbossinghambm@facebook.com,Accounting
420,Elsey,Shillaker,eshillakerbn@baidu.com,Business Development
421,Emmery,Cotgrave,ecotgravebo@chron.com,Marketing
422,Harald,Caulfield,hcaulfieldbp@google.de,Engineering
423,Pietro,Bycraft,pbycraftbq@theatlantic.com,Support
424,Gardner,Bazley,gbazleybr@walmart.com,Legal
425,Vivia,Di Bartolommeo,vdibartolommeobs@wikia.com,Human Resources
426,Bonnie,Currom,bcurrombt@foxnews.com,Support
427,Carley,Medlin,cmedlinbu@zimbio.com,Business Development
428,Truda,Drain,tdrainbv@unicef.org,Marketing
429,Ignaz,Henrique,ihenriquebw@nydailynews.com,Business Development
430,Albert,Grisbrook,agrisbrookbx@issuu.com,Sales
431,Sidney,Robbings,srobbingsby@mapquest.com,Product Management
432,Hamish,Grinaway,hgrinawaybz@macromedia.com,Marketing
433,Fransisco,Brame,fbramec0@wikia.com,Human Resources
434,Charlot,Cearley,ccearleyc1@java.com,Business Development
435,Carmine,Meekings,cmeekingsc2@phoca.cz,Legal
436,Colette,Bish,cbishc3@fastcompany.com,Human Resources
437,Bordy,Swainger,bswaingerc4@blogger.com,Training
438,Felicdad,Riddler,friddlerc5@tamu.edu,Business Development
439,Annadiane,Mansbridge,amansbridgec6@bloglovin.com,Legal
440,Oralie,Bonehill,obonehillc7@msu.edu,Engineering
441,Georgie,Kennsley,gkennsleyc8@wordpress.org,Accounting
442,Nettie,Cecely,ncecelyc9@xinhuanet.com,Human Resources
443,Lily,Booley,lbooleyca@wiley.com,Human Resources
444,Tamarra,Farrer,tfarrercb@jimdo.com,Legal
445,Celesta,Giorgetti,cgiorgetticc@plala.or.jp,Training
446,Ailis,Blaxlande,ablaxlandecd@mail.ru,Training
447,Darci,Fetherstan,dfetherstance@vinaora.com,Sales
448,Tybalt,Joselevitch,tjoselevitchcf@vinaora.com,Services
449,Philis,Elegood,pelegoodcg@bing.com,Engineering
450,Bernette,Rodman,brodmanch@youku.com,Sales
451,Suki,Trusse,strusseci@ucsd.edu,Accounting
452,Renado,Grahame,rgrahamecj@diigo.com,Human Resources
453,Franklyn,Mapledoore,fmapledooreck@google.cn,Services
454,Fredia,Zannuto,fzannutocl@cnet.com,Product Management
455,Sharron,Wyllcocks,swyllcockscm@nyu.edu,Engineering
456,Bone,Beven,bbevencn@quantcast.com,Research and Development
457,Allsun,Iannello,aiannelloco@purevolume.com,Services
458,Winston,Braunston,wbraunstoncp@ifeng.com,Training
459,Johnnie,Bennedick,jbennedickcq@gnu.org,Services
460,Tani,Mac Giolla Pheadair,tmacgiollapheadaircr@msu.edu,Business Development
461,Matelda,Pittway,mpittwaycs@cbsnews.com,Training
462,Leo,Wicken,lwickenct@oakley.com,Services
463,Carmine,McCoughan,cmccoughancu@gizmodo.com,Research and Development
464,Hermie,Stanbrooke,hstanbrookecv@columbia.edu,Human Resources
465,Robbyn,Cregan,rcregancw@cpanel.net,Engineering
466,Roseanna,Farge,rfargecx@jigsy.com,Accounting
467,Albrecht,Nelissen,anelissency@skype.com,Engineering
468,Locke,Savege,lsavegecz@marketwatch.com,Accounting
469,Eziechiele,Ramsdell,eramsdelld0@mail.ru,Sales
470,Ephrayim,Beall,ebealld1@altervista.org,Accounting
471,Nikolaus,Rammell,nrammelld2@wunderground.com,Product Management
472,Othilia,Colloff,ocolloffd3@dagondesign.com,Legal
473,Rooney,Stollmeier,rstollmeierd4@tamu.edu,Marketing
474,Karlik,Folkard,kfolkardd5@msn.com,Services
475,Eugenio,Paxforde,epaxforded6@dagondesign.com,Business Development
476,Morty,Harberer,mharbererd7@goodreads.com,Marketing
477,Glynn,Petrie,gpetried8@symantec.com,Services
478,Noak,Rofe,nrofed9@theguardian.com,Accounting
479,Zita,Eyckelbeck,zeyckelbeckda@buzzfeed.com,Product Management
480,Debra,Edger,dedgerdb@privacy.gov.au,Engineering
481,Sayers,Asif,sasifdc@nasa.gov,Product Management
482,Seana,Jervois,sjervoisdd@gov.uk,Training
483,Ede,Jackling,ejacklingde@freewebs.com,Training
484,Amy,Jorez,ajorezdf@wp.com,Legal
485,Clemmy,Grasser,cgrasserdg@soup.io,Marketing
486,Britt,Navaro,bnavarodh@adobe.com,Research and Development
487,Dania,Knevet,dknevetdi@surveymonkey.com,Human Resources
488,Farra,Lenton,flentondj@cbsnews.com,Legal
489,Brade,Soda,bsodadk@tmall.com,Services
490,Peadar,Van der Velde,pvanderveldedl@indiatimes.com,Services
491,Kordula,Dwyer,kdwyerdm@live.com,Business Development
492,Joey,Guirard,jguirarddn@devhub.com,Research and Development
493,Jacynth,Guyan,jguyando@cnbc.com,Marketing
494,Ainslie,Izakov,aizakovdp@unesco.org,Business Development
495,Cornall,Patel,cpateldq@blogspot.com,Marketing
496,Sherilyn,Vye,svyedr@dailymail.co.uk,Engineering
497,Siusan,Colwell,scolwellds@dropbox.com,Training
498,Kally,Bellefonte,kbellefontedt@answers.com,Training
499,Danna,Meins,dmeinsdu@earthlink.net,Accounting
500,Welch,Jann,wjanndv@phpbb.com,Human Resources
501,Anstice,Spacey,aspaceydw@cbc.ca,Product Management
502,Zara,Silverton,zsilvertondx@about.me,Research and Development
503,Juli,Braime,jbraimedy@mysql.com,Marketing
504,Orlan,Abramovic,oabramovicdz@columbia.edu,Legal
505,Harmonie,Jellman,hjellmane0@trellian.com,Product Management
506,Giorgia,Allberry,gallberrye1@usda.gov,Marketing
507,Viki,Yes,vyese2@cafepress.com,Services
508,Romain,Musso,rmussoe3@ebay.com,Accounting
509,Henderson,Baskerfield,hbaskerfielde4@cmu.edu,Marketing
510,Donal,Sawell,dsawelle5@geocities.jp,Training
511,Rozanna,Chantillon,rchantillone6@comcast.net,Engineering
512,Maurits,Sobczak,msobczake7@latimes.com,Human Resources
513,Delphinia,Douthwaite,ddouthwaitee8@wikia.com,Research and Development
514,Pierce,Sang,psange9@slideshare.net,Product Management
515,Carmita,Fildery,cfilderyea@alexa.com,Human Resources
516,Margi,Postlewhite,mpostlewhiteeb@comsenz.com,Accounting
517,Pauly,Newitt,pnewittec@hp.com,Training
518,Emmey,Pasterfield,epasterfielded@psu.edu,Product Management
519,Albertine,Astall,aastallee@oracle.com,Business Development
520,Marquita,Pedden,mpeddenef@wisc.edu,Sales
521,Shane,Deegan,sdeeganeg@mozilla.org,Accounting
522,Fayina,Troman,ftromaneh@sbwire.com,Services
523,Irma,Goldston,igoldstonei@odnoklassniki.ru,Marketing
524,Sherwin,Teggart,steggartej@taobao.com,Engineering
525,Ingram,Elijahu,ielijahuek@oracle.com,Legal
526,Remington,Gegg,rgeggel@163.com,Legal
527,Cliff,Heeley,cheeleyem@blogs.com,Sales
528,Hollis,Maleby,hmalebyen@ask.com,Marketing
529,Livvie,Riccioppo,lriccioppoeo@goodreads.com,Legal
530,Coraline,Artin,cartinep@slashdot.org,Marketing
531,Lance,Hardison,lhardisoneq@earthlink.net,Product Management
532,Gannie,Scrace,gscraceer@jigsy.com,Legal
533,Lusa,Kane,lkanees@creativecommons.org,Business Development
534,Maridel,Pallin,mpallinet@sitemeter.com,Research and Development
535,Freeland,Blondel,fblondeleu@fastcompany.com,Engineering
536,Alden,Klink,aklinkev@typepad.com,Accounting
537,Sibilla,Laurand,slaurandew@trellian.com,Engineering
538,Isadore,Tolhurst,itolhurstex@taobao.com,Services
539,Alix,Togwell,atogwelley@sina.com.cn,Legal
540,Jayme,Gaither,jgaitherez@ehow.com,Marketing
541,Corenda,Burgot,cburgotf0@devhub.com,Support
542,Pancho,McGifford,pmcgiffordf1@webmd.com,Services
543,Lyndell,Mattes,lmattesf2@domainmarket.com,Product Management
544,Cariotta,Hallybone,challybonef3@statcounter.com,Support
545,Marylin,Linzee,mlinzeef4@aol.com,Engineering
546,Harley,McGarvey,hmcgarveyf5@census.gov,Engineering
547,Derrick,Symers,dsymersf6@wiley.com,Engineering
548,Joey,Renault,jrenaultf7@icq.com,Engineering
549,Kendal,Matten,kmattenf8@1688.com,Product Management
550,Murdock,Winder,mwinderf9@reddit.com,Training
551,Etan,Camies,ecamiesfa@gmpg.org,Services
552,Ardene,Griffitt,agriffittfb@nationalgeographic.com,Sales
553,Burlie,Kollach,bkollachfc@nba.com,Business Development
554,Philippine,Stucksbury,pstucksburyfd@google.co.jp,Business Development
555,Cris,Caville,ccavillefe@whitehouse.gov,Research and Development
556,Chas,Lavigne,clavigneff@businesswire.com,Training
557,Osgood,Norrie,onorriefg@linkedin.com,Sales
558,Kerby,Shambrooke,kshambrookefh@ycombinator.com,Marketing
559,Lorilee,Jovicic,ljovicicfi@unblog.fr,Research and Development
560,Toma,Shaw,tshawfj@t.co,Product Management
561,Nefen,Ledwith,nledwithfk@quantcast.com,Support
562,Gill,Kobierzycki,gkobierzyckifl@delicious.com,Product Management
563,Dene,Wordington,dwordingtonfm@japanpost.jp,Research and Development
564,Stormy,McCurtin,smccurtinfn@zdnet.com,Business Development
565,Kale,Hanbidge,khanbidgefo@biglobe.ne.jp,Accounting
566,Nita,Mitchenson,nmitchensonfp@weibo.com,Sales
567,Kimble,Mulvenna,kmulvennafq@home.pl,Business Development
568,Judah,Philippou,jphilippoufr@desdev.cn,Support
569,Rosene,Luckings,rluckingsfs@prnewswire.com,Accounting
570,Herminia,Giacomuzzi,hgiacomuzzift@discuz.net,Services
571,Kellia,Swaffield,kswaffieldfu@miibeian.gov.cn,Human Resources
572,Cheryl,Drennan,cdrennanfv@yahoo.com,Legal
573,Gannon,Parkinson,gparkinsonfw@opensource.org,Human Resources
574,Bren,Setterfield,bsetterfieldfx@live.com,Research and Development
575,Bevan,Reightley,breightleyfy@ask.com,Marketing
576,Leisha,Sudran,lsudranfz@hao123.com,Engineering
577,Carlene,Larder,clarderg0@google.co.uk,Business Development
578,Katya,Eggleston,kegglestong1@canalblog.com,Engineering
579,Melvin,Blanko,mblankog2@skyrock.com,Training
580,Gwenneth,Whittenbury,gwhittenburyg3@senate.gov,Training
581,Gaelan,Surcomb,gsurcombg4@amazon.co.jp,Engineering
582,Tina,Langelaan,tlangelaang5@admin.ch,Marketing
583,Florencia,Karppi,fkarppig6@abc.net.au,Human Resources
584,Maurita,Hollingdale,mhollingdaleg7@princeton.edu,Marketing
585,Lila,Alessandone,lalessandoneg8@intel.com,Services
586,Stillman,Stebbings,sstebbingsg9@example.com,Research and Development
587,Jaime,Carbry,jcarbryga@google.nl,Marketing
588,Othilie,Rye,oryegb@360.cn,Services
589,Felicio,Gronowe,fgronowegc@sitemeter.com,Human Resources
590,Tate,Chritchlow,tchritchlowgd@pcworld.com,Engineering
591,Minnnie,Tattersfield,mtattersfieldge@upenn.edu,Accounting
592,Jillayne,Buxton,jbuxtongf@sakura.ne.jp,Marketing
593,Richy,Steinham,rsteinhamgg@bloglines.com,Legal
594,Oralla,Jilliss,ojillissgh@slashdot.org,Accounting
595,Marianna,Polino,mpolinogi@discovery.com,Marketing
596,Daryl,Kelf,dkelfgj@kickstarter.com,Services
597,Chucho,Dunseith,cdunseithgk@sina.com.cn,Accounting
598,Valera,Vellden,vvelldengl@disqus.com,Product Management
599,Thea,Grocutt,tgrocuttgm@creativecommons.org,Sales
600,Camel,Sitch,csitchgn@amazon.co.uk,Training
601,Shauna,Beagan,sbeagango@marriott.com,Training
602,Julieta,Coxon,jcoxongp@pen.io,Services
603,Marcellus,Resdale,mresdalegq@chron.com,Support
604,Grace,Satterfitt,gsatterfittgr@opensource.org,Human Resources
605,Lind,Moorrud,lmoorrudgs@usda.gov,Legal
606,Kirbie,Trousdell,ktrousdellgt@1688.com,Support
607,Tristam,Endacott,tendacottgu@gnu.org,Product Management
608,Shurlocke,Gillimgham,sgillimghamgv@infoseek.co.jp,Human Resources
609,Stephine,Kohtler,skohtlergw@usda.gov,Engineering
610,Francene,Foreman,fforemangx@opensource.org,Legal
611,Jodi,MacGillivrie,jmacgillivriegy@epa.gov,Product Management
612,Lenette,Pentony,lpentonygz@eepurl.com,Services
613,Cosetta,Tedahl,ctedahlh0@newyorker.com,Training
614,Sascha,Baudino,sbaudinoh1@gnu.org,Support
615,Coleen,Hance,chanceh2@wufoo.com,Sales
616,Rosette,Ingham,ringhamh3@ucsd.edu,Services
617,Thacher,Rubega,trubegah4@amazon.co.jp,Human Resources
618,Olympia,Tumioto,otumiotoh5@vistaprint.com,Business Development
619,Tess,Mullard,tmullardh6@xrea.com,Training
620,Griff,Searles,gsearlesh7@oakley.com,Training
621,Rutherford,Kemsley,rkemsleyh8@goo.ne.jp,Training
622,Pierre,Brannon,pbrannonh9@paginegialle.it,Sales
623,Maura,Burnsides,mburnsidesha@alexa.com,Sales
624,Hatti,Clynmans,hclynmanshb@eepurl.com,Training
625,Lara,Colbourne,lcolbournehc@scientificamerican.com,Sales
626,Beverley,Barthorpe,bbarthorpehd@clickbank.net,Research and Development
627,Rudolf,Pickvance,rpickvancehe@e-recht24.de,Sales
628,Angelica,O' Liddy,aoliddyhf@comsenz.com,Accounting
629,Noell,Geldard,ngeldardhg@abc.net.au,Business Development
630,Karolina,Burchall,kburchallhh@rakuten.co.jp,Support
631,Christophe,Harmer,charmerhi@earthlink.net,Engineering
632,Patton,Melley,pmelleyhj@oakley.com,Services
633,Francklin,Oxtoby,foxtobyhk@quantcast.com,Product Management
634,Harrison,Bradburne,hbradburnehl@ameblo.jp,Services
635,Jakob,Rawes,jraweshm@spotify.com,Training
636,Zia,Saben,zsabenhn@liveinternet.ru,Training
637,Hamnet,Garard,hgarardho@imdb.com,Accounting
638,Willetta,Longina,wlonginahp@disqus.com,Product Management
639,Alessandra,Sowrah,asowrahhq@economist.com,Human Resources
640,Rori,Crowthe,rcrowthehr@dailymotion.com,Legal
641,Caril,Wogan,cwoganhs@zimbio.com,Services
642,Rhett,Compfort,rcompfortht@ovh.net,Research and Development
643,Anallese,Camsey,acamseyhu@businessweek.com,Product Management
644,Loutitia,Saket,lsakethv@blinklist.com,Support
645,Torrin,Meagh,tmeaghhw@discuz.net,Sales
646,Emyle,Vigers,evigershx@macromedia.com,Training
647,Juliet,Volet,jvolethy@usgs.gov,Business Development
648,Maude,Ingrey,mingreyhz@plala.or.jp,Services
649,Inez,Gartsyde,igartsydei0@surveymonkey.com,Training
650,Gilli,Camell,gcamelli1@posterous.com,Services
651,Rustie,Philippe,rphilippei2@wufoo.com,Engineering
652,Cheryl,Liggons,cliggonsi3@bizjournals.com,Sales
653,Urbano,Mattson,umattsoni4@weibo.com,Human Resources
654,Jacky,Wolsey,jwolseyi5@tmall.com,Services
655,Enos,Mosco,emoscoi6@1und1.de,Training
656,Pennie,Ellison,pellisoni7@biglobe.ne.jp,Research and Development
657,Alanson,Kloss,aklossi8@usgs.gov,Research and Development
658,Moshe,Ramsbottom,mramsbottomi9@shareasale.com,Accounting
659,Issie,Shropshire,ishropshireia@vistaprint.com,Services
660,Rachael,Tanti,rtantiib@ifeng.com,Marketing
661,Indira,Ellacombe,iellacombeic@wikispaces.com,Product Management
662,Noemi,Haggerwood,nhaggerwoodid@home.pl,Business Development
663,Lori,Klebes,lklebesie@wsj.com,Training
664,Hewe,McGunley,hmcgunleyif@wix.com,Legal
665,Amble,Lowman,alowmanig@friendfeed.com,Business Development
666,Kenton,Giblett,kgiblettih@privacy.gov.au,Sales
667,Alvan,Huguenet,ahuguenetii@360.cn,Business Development
668,Nada,Ould,nouldij@jimdo.com,Training
669,Marcus,Chippindall,mchippindallik@bbb.org,Business Development
670,Loren,Pearton,lpeartonil@odnoklassniki.ru,Accounting
671,Alon,Gabbott,agabbottim@wikispaces.com,Legal
672,Annadiane,Campione,acampionein@google.pl,Engineering
673,Afton,Hodgen,ahodgenio@vistaprint.com,Business Development
674,Shel,Haddleton,shaddletonip@mtv.com,Research and Development
675,Jenelle,Maycey,jmayceyiq@vistaprint.com,Marketing
676,Isabelita,Rops,iropsir@tmall.com,Services
677,Rem,Lemarie,rlemarieis@chicagotribune.com,Sales
678,Cecil,Gulston,cgulstonit@paypal.com,Legal
679,Celina,Leadley,cleadleyiu@weibo.com,Engineering
680,Daniela,Wealleans,dwealleansiv@narod.ru,Training
681,Clint,Grimditch,cgrimditchiw@columbia.edu,Marketing
682,Dalila,Ponnsett,dponnsettix@goo.ne.jp,Business Development
683,Babara,Duprey,bdupreyiy@thetimes.co.uk,Services
684,Miles,Bynert,mbynertiz@accuweather.com,Business Development
685,Consuelo,Ferrari,cferrarij0@yahoo.com,Support
686,Othilie,Chaperling,ochaperlingj1@qq.com,Product Management
687,Gary,Canadas,gcanadasj2@bloomberg.com,Sales
688,Martina,McKeady,mmckeadyj3@sfgate.com,Engineering
689,Reine,Gieraths,rgierathsj4@jiathis.com,Training
690,Dredi,Hablet,dhabletj5@examiner.com,Product Management
691,Inger,Pinnell,ipinnellj6@exblog.jp,Human Resources
692,Arda,Antonutti,aantonuttij7@amazon.de,Sales
693,Chad,Gladden,cgladdenj8@hubpages.com,Engineering
694,Coretta,Jacobowicz,cjacobowiczj9@moonfruit.com,Services
695,Jillie,Squier,jsquierja@privacy.gov.au,Services
696,Corrie,Dumbarton,cdumbartonjb@mtv.com,Support
697,Vivi,Patise,vpatisejc@fema.gov,Accounting
698,Theadora,Tribell,ttribelljd@behance.net,Legal
699,Eben,Ilyuchyov,eilyuchyovje@cdc.gov,Human Resources
700,Westleigh,MacKall,wmackalljf@mozilla.org,Engineering
701,Vanna,Braunter,vbraunterjg@163.com,Sales
702,Willow,Ormiston,wormistonjh@redcross.org,Marketing
703,Raf,Butt Gow,rbuttgowji@biblegateway.com,Engineering
704,Larry,Godwyn,lgodwynjj@flavors.me,Training
705,Davon,Aldam,daldamjk@nature.com,Accounting
706,Brnaby,Davisson,bdavissonjl@youtu.be,Legal
707,Daryle,Millis,dmillisjm@boston.com,Accounting
708,Vevay,Gagan,vgaganjn@eventbrite.com,Services
709,Silvanus,McKaile,smckailejo@dedecms.com,Training
710,Lev,Keech,lkeechjp@creativecommons.org,Human Resources
711,Christoforo,Mishow,cmishowjq@studiopress.com,Research and Development
712,Ina,Haselup,ihaselupjr@exblog.jp,Services
713,Witty,Brinicombe,wbrinicombejs@telegraph.co.uk,Sales
714,Boot,Guillart,bguillartjt@dedecms.com,Engineering
715,Kenton,Boaler,kboalerju@prlog.org,Support
716,Sybyl,Sendley,ssendleyjv@gov.uk,Business Development
717,Gerome,Bridie,gbridiejw@psu.edu,Engineering
718,Verge,Benduhn,vbenduhnjx@tiny.cc,Sales
719,Spencer,Wilbraham,swilbrahamjy@usgs.gov,Human Resources
720,Klarika,Pryn,kprynjz@ocn.ne.jp,Accounting
721,Emmett,Fincken,efinckenk0@usnews.com,Sales
722,Boyce,Rebillard,brebillardk1@oracle.com,Product Management
723,Beret,Wildes,bwildesk2@storify.com,Training
724,Bryce,Postle,bpostlek3@quantcast.com,Accounting
725,Courtnay,Yakubov,cyakubovk4@uiuc.edu,Marketing
726,Jeramey,Djekovic,jdjekovick5@rediff.com,Support
727,Leila,Leaton,lleatonk6@army.mil,Training
728,Cull,Woollhead,cwoollheadk7@dedecms.com,Training
729,Lonni,Syne,lsynek8@theguardian.com,Support
730,Leshia,Hixley,lhixleyk9@zdnet.com,Engineering
731,Rina,Quilty,rquiltyka@reuters.com,Accounting
732,Amandie,Trunks,atrunkskb@com.com,Engineering
733,Guilbert,Lunk,glunkkc@ebay.com,Business Development
734,Margaretta,Roxburgh,mroxburghkd@salon.com,Engineering
735,Karole,Lammiman,klammimanke@seattletimes.com,Accounting
736,Dulci,Rankin,drankinkf@studiopress.com,Accounting
737,Karmen,Maps,kmapskg@squidoo.com,Marketing
738,Valentine,Lewnden,vlewndenkh@livejournal.com,Legal
739,Elsinore,Sumner,esumnerki@free.fr,Marketing
740,Baillie,Meachan,bmeachankj@deliciousdays.com,Support
741,Otho,Gladdin,ogladdinkk@godaddy.com,Legal
742,Bobinette,Port,bportkl@go.com,Sales
743,Tremayne,Caisley,tcaisleykm@blog.com,Legal
744,Eva,Taylder,etaylderkn@goodreads.com,Human Resources
745,Christabel,Janman,cjanmanko@psu.edu,Accounting
746,Angelique,Ellesworthe,aellesworthekp@amazon.co.uk,Support
747,Lila,Whether,lwhetherkq@ocn.ne.jp,Legal
748,Trula,Willarton,twillartonkr@dagondesign.com,Sales
749,Woodman,Sauvain,wsauvainks@tamu.edu,Legal
750,Ruthanne,Mabee,rmabeekt@etsy.com,Human Resources
751,Suzette,Skyrm,sskyrmku@friendfeed.com,Business Development
752,Hercules,Perrelle,hperrellekv@theguardian.com,Engineering
753,Welby,Hurdedge,whurdedgekw@meetup.com,Business Development
754,Otho,Smeath,osmeathkx@amazon.co.jp,Support
755,Whitaker,Buckett,wbuckettky@dailymotion.com,Human Resources
756,Sherwood,Horsley,shorsleykz@oracle.com,Engineering
757,Corie,Vile,cvilel0@miitbeian.gov.cn,Accounting
758,Gabriell,Stefanovic,gstefanovicl1@umich.edu,Product Management
759,Burl,Goodanew,bgoodanewl2@hhs.gov,Research and Development
760,Vivien,Gerbl,vgerbll3@mozilla.com,Engineering
761,Rhoda,Simonyi,rsimonyil4@nbcnews.com,Business Development
762,Donalt,Pacheco,dpachecol5@theglobeandmail.com,Human Resources
763,Tammy,Hamlington,thamlingtonl6@wordpress.com,Services
764,Aili,Airs,aairsl7@infoseek.co.jp,Support
765,Issie,Thirst,ithirstl8@tripod.com,Support
766,Gardner,Pranger,gprangerl9@wunderground.com,Engineering
767,Loydie,Tunny,ltunnyla@ovh.net,Engineering
768,Normy,Serris,nserrislb@sohu.com,Human Resources
769,Cointon,Penhearow,cpenhearowlc@yellowbook.com,Business Development
770,Elspeth,Lamyman,elamymanld@mashable.com,Support
771,Cacilie,Jowett,cjowettle@sohu.com,Sales
772,Babette,Grunnell,bgrunnelllf@altervista.org,Legal
773,Humphrey,Kinnie,hkinnielg@cnn.com,Services
774,Dion,Aberdein,daberdeinlh@trellian.com,Engineering
775,Bryce,Baum,bbaumli@free.fr,Support
776,Priscella,Philliskirk,pphilliskirklj@so-net.ne.jp,Engineering
777,Kristan,Kelcher,kkelcherlk@psu.edu,Product Management
778,Taylor,Winning,twinningll@freewebs.com,Accounting
779,Delano,Baugham,dbaughamlm@gravatar.com,Accounting
780,Audrie,Walne,awalneln@statcounter.com,Engineering
781,Caril,Janc,cjanclo@arizona.edu,Human Resources
782,Bria,Saines,bsaineslp@discovery.com,Training
783,Kylie,Blampied,kblampiedlq@eepurl.com,Accounting
784,Jacquelynn,Tilby,jtilbylr@nyu.edu,Support
785,Claire,Bastide,cbastidels@ed.gov,Research and Development
786,Nesta,Eastment,neastmentlt@kickstarter.com,Research and Development
787,Ardelia,Morling,amorlinglu@comsenz.com,Research and Development
788,Dodie,Neal,dneallv@ezinearticles.com,Support
789,Thaddus,Rustedge,trustedgelw@alexa.com,Human Resources
790,Uriah,Pinkerton,upinkertonlx@skype.com,Training
791,Birk,Satterlee,bsatterleely@ed.gov,Support
792,Odey,Kesterton,okestertonlz@simplemachines.org,Legal
793,Den,Plevin,dplevinm0@eepurl.com,Product Management
794,Hugo,Cadwaladr,hcadwaladrm1@tamu.edu,Research and Development
795,Sonni,Giraudel,sgiraudelm2@squarespace.com,Human Resources
796,Jabez,Paler,jpalerm3@multiply.com,Human Resources
797,Brittan,McQuode,bmcquodem4@ycombinator.com,Product Management
798,Tommy,Juden,tjudenm5@pbs.org,Business Development
799,Shayne,Powley,spowleym6@qq.com,Accounting
800,Lilllie,Rosenfield,lrosenfieldm7@xing.com,Training
801,Luella,Cruz,lcruzm8@exblog.jp,Legal
802,Jacky,Timmes,jtimmesm9@engadget.com,Legal
803,Emmery,Duckerin,educkerinma@ocn.ne.jp,Research and Development
804,Robinia,Hargerie,rhargeriemb@reference.com,Support
805,Tilly,Vivian,tvivianmc@webnode.com,Legal
806,Marcelle,Bytheway,mbythewaymd@typepad.com,Engineering
807,Stern,Lapwood,slapwoodme@fda.gov,Business Development
808,Marybeth,Jorgesen,mjorgesenmf@pen.io,Sales
809,Antoine,Whilder,awhildermg@chicagotribune.com,Accounting
810,Olympia,Sevitt,osevittmh@whitehouse.gov,Engineering
811,Fredrika,Print,fprintmi@telegraph.co.uk,Business Development
812,Susann,Towers,stowersmj@nbcnews.com,Human Resources
813,Seward,Elston,selstonmk@digg.com,Marketing
814,Pammy,Krabbe,pkrabbeml@1688.com,Services
815,Niko,Barrett,nbarrettmm@dailymotion.com,Business Development
816,Ibrahim,Beavon,ibeavonmn@hibu.com,Business Development
817,Genovera,Boam,gboammo@simplemachines.org,Legal
818,Cecilia,Aidler,caidlermp@admin.ch,Product Management
819,Algernon,Rylance,arylancemq@dropbox.com,Business Development
820,Wainwright,Van Giffen,wvangiffenmr@squarespace.com,Legal
821,Arlyn,Hirth,ahirthms@omniture.com,Engineering
822,Raleigh,Frowing,rfrowingmt@pen.io,Business Development
823,Durante,Attfield,dattfieldmu@homestead.com,Training
824,Adeline,Cursey,acurseymv@arizona.edu,Legal
825,Lauritz,Stanwix,lstanwixmw@github.io,Human Resources
826,Demetris,Dict,ddictmx@wikispaces.com,Product Management
827,Hiram,Goodricke,hgoodrickemy@jalbum.net,Training
828,Xever,Harrowell,xharrowellmz@fotki.com,Sales
829,Nicolina,Maffiotti,nmaffiottin0@constantcontact.com,Business Development
830,Leland,Strawbridge,lstrawbridgen1@clickbank.net,Support
831,Elias,Merriott,emerriottn2@naver.com,Sales
832,Gerry,Gomersal,ggomersaln3@icq.com,Research and Development
833,Belita,Muddiman,bmuddimann4@oracle.com,Legal
834,Dorice,Kave,dkaven5@scribd.com,Services
835,Rafaellle,Sleaford,rsleafordn6@guardian.co.uk,Research and Development
836,Tate,O'Cridigan,tocridigann7@drupal.org,Legal
837,Uta,Haly,uhalyn8@blogs.com,Research and Development
838,Matty,Beeden,mbeedenn9@intel.com,Support
839,Sarah,McIntosh,smcintoshna@bloglines.com,Accounting
840,Vito,Rubenczyk,vrubenczyknb@vk.com,Accounting
841,Cornell,Baynam,cbaynamnc@state.gov,Research and Development
842,Lorinda,Gatcliff,lgatcliffnd@nhs.uk,Legal
843,Nickola,Shambrooke,nshambrookene@1688.com,Services
844,Viole,Cod,vcodnf@alibaba.com,Marketing
845,Hansiain,Giacubbo,hgiacubbong@reference.com,Research and Development
846,Melinde,Boss,mbossnh@creativecommons.org,Services
847,Zoe,Cheale,zchealeni@ucoz.com,Support
848,Marline,Caves,mcavesnj@springer.com,Legal
849,Rosemarie,Southcomb,rsouthcombnk@thetimes.co.uk,Engineering
850,Xylina,Gaitone,xgaitonenl@uol.com.br,Services
851,Mattie,Hindmoor,mhindmoornm@cbc.ca,Product Management
852,Doti,Clausewitz,dclausewitznn@tmall.com,Support
853,Valeria,Hallihan,vhallihanno@sitemeter.com,Engineering
854,Laina,Ragbourne,lragbournenp@smugmug.com,Research and Development
855,Bert,Liff,bliffnq@wikispaces.com,Sales
856,Ulrikaumeko,Welford,uwelfordnr@ask.com,Engineering
857,Linnea,Archdeacon,larchdeaconns@networksolutions.com,Human Resources
858,Granny,Feetham,gfeethamnt@ed.gov,Sales
859,Barbi,Cecchetelli,bcecchetellinu@ted.com,Legal
860,Arch,Tuxill,atuxillnv@whitehouse.gov,Business Development
861,Konstantine,Dionisi,kdionisinw@unicef.org,Research and Development
862,Nolana,Albury,nalburynx@noaa.gov,Accounting
863,Kalil,Tucker,ktuckerny@engadget.com,Product Management
864,Stacie,Whitfield,swhitfieldnz@techcrunch.com,Business Development
865,Randal,Struthers,rstrutherso0@addtoany.com,Product Management
866,Johnnie,D'Alesio,jdalesioo1@issuu.com,Support
867,Marti,Gillyett,mgillyetto2@google.es,Legal
868,Lebbie,Widocks,lwidockso3@woothemes.com,Sales
869,Sheryl,Kettel,skettelo4@quantcast.com,Support
870,Sherri,Gullivan,sgullivano5@biblegateway.com,Services
871,Noby,Malby,nmalbyo6@livejournal.com,Product Management
872,Petra,Huckster,phuckstero7@amazon.co.jp,Sales
873,Sibby,Shurville,sshurvilleo8@imgur.com,Services
874,Connie,Barg,cbargo9@businessweek.com,Legal
875,Amble,Jellico,ajellicooa@gizmodo.com,Research and Development
876,Jehu,Baumler,jbaumlerob@gizmodo.com,Research and Development
877,Pate,Moorhouse,pmoorhouseoc@liveinternet.ru,Research and Development
878,Kristy,Elson,kelsonod@reddit.com,Engineering
879,Gwendolin,Heck,gheckoe@census.gov,Sales
880,Ashely,Floris,aflorisof@springer.com,Sales
881,Kary,Bratley,kbratleyog@rambler.ru,Support
882,Merrili,Kilmister,mkilmisteroh@tuttocitta.it,Support
883,Hermione,McClenaghan,hmcclenaghanoi@live.com,Human Resources
884,Florentia,Lyenyng,flyenyngoj@blogs.com,Product Management
885,Jasmin,Murrigans,jmurrigansok@nyu.edu,Human Resources
886,Nicko,McArt,nmcartol@canalblog.com,Product Management
887,Lay,Naughton,lnaughtonom@vistaprint.com,Support
888,Debbi,Sprott,dsprotton@zdnet.com,Training
889,Alisha,Gyorgy,agyorgyoo@hao123.com,Legal
890,Kasey,Wiggington,kwiggingtonop@goo.ne.jp,Training
891,Paddie,Gley,pgleyoq@accuweather.com,Human Resources
892,Elston,Hunte,ehunteor@mozilla.com,Support
893,Celestyna,Abyss,cabyssos@flavors.me,Engineering
894,Stevy,Staning,sstaningot@rambler.ru,Legal
895,Ailsun,Hitzschke,ahitzschkeou@blogspot.com,Business Development
896,Stefano,Boydell,sboydellov@sohu.com,Engineering
897,Helli,Swepstone,hswepstoneow@who.int,Product Management
898,Marge,Webbe,mwebbeox@aboutads.info,Sales
899,Vivyan,Mattioni,vmattionioy@techcrunch.com,Support
900,Pierson,Quilkin,pquilkinoz@people.com.cn,Accounting
901,Darbee,Galbreath,dgalbreathp0@comcast.net,Product Management
902,Marcille,Bellward,mbellwardp1@usa.gov,Sales
903,Micaela,Dorrance,mdorrancep2@xing.com,Business Development
904,Early,Chown,echownp3@hugedomains.com,Accounting
905,Lee,Chmarny,lchmarnyp4@wikia.com,Engineering
906,Kayley,Cressor,kcressorp5@guardian.co.uk,Product Management
907,Blisse,Lowres,blowresp6@wp.com,Training
908,Tremain,Parratt,tparrattp7@tripod.com,Engineering
909,Ingram,Sidery,isideryp8@reference.com,Accounting
910,Lily,Ravenscroft,lravenscroftp9@instagram.com,Training
911,Wilow,Kilmister,wkilmisterpa@state.tx.us,Services
912,Marlee,Holwell,mholwellpb@ifeng.com,Sales
913,Phyllida,Dearnaley,pdearnaleypc@tripadvisor.com,Sales
914,Wolf,Briamo,wbriamopd@amazon.co.jp,Support
915,Salmon,Ogilvie,sogilviepe@hexun.com,Research and Development
916,Flemming,Mannooch,fmannoochpf@4shared.com,Services
917,Berni,Ratlee,bratleepg@usnews.com,Product Management
918,Mellie,Jerams,mjeramsph@redcross.org,Engineering
919,Daphne,Gorke,dgorkepi@imgur.com,Product Management
920,Carolee,Vittore,cvittorepj@techcrunch.com,Business Development
921,Carin,Andraud,candraudpk@msn.com,Marketing
922,Vick,Hathaway,vhathawaypl@surveymonkey.com,Services
923,Antonietta,Bernardelli,abernardellipm@elegantthemes.com,Support
924,Livvy,Lindborg,llindborgpn@patch.com,Sales
925,Lanette,Paulack,lpaulackpo@tmall.com,Product Management
926,Ezra,Lukock,elukockpp@wikia.com,Marketing
927,Vassili,Overy,voverypq@zdnet.com,Research and Development
928,Sophey,Laroze,slarozepr@narod.ru,Sales
929,Rhodie,Paylor,rpaylorps@blogtalkradio.com,Accounting
930,Matelda,Tayler,mtaylerpt@tamu.edu,Services
931,Jaquenetta,Blaza,jblazapu@epa.gov,Support
932,Yetta,Riby,yribypv@wikispaces.com,Support
933,Chevalier,Donne,cdonnepw@posterous.com,Training
934,Paule,Reeve,preevepx@omniture.com,Sales
935,Kandace,Gable,kgablepy@google.com,Support
936,Sigismond,Croster,scrosterpz@mtv.com,Product Management
937,Olvan,Mc Harg,omchargq0@discuz.net,Training
938,Barbara-anne,Rigardeau,brigardeauq1@google.ca,Human Resources
939,Cynthy,Odom,codomq2@yelp.com,Human Resources
940,Angeli,Cellone,acelloneq3@google.co.jp,Research and Development
941,Randi,Kingscote,rkingscoteq4@businessinsider.com,Services
942,Tova,Bavin,tbavinq5@mapquest.com,Support
943,Brande,Hallor,bhallorq6@deliciousdays.com,Support
944,Deina,Gamell,dgamellq7@pinterest.com,Product Management
945,Federico,MacColgan,fmaccolganq8@npr.org,Training
946,Salem,Chastelain,schastelainq9@marriott.com,Support
947,Evania,Torrent,etorrentqa@cloudflare.com,Sales
948,Ashlen,Cunnah,acunnahqb@cnbc.com,Business Development
949,Tracie,Vamplus,tvamplusqc@symantec.com,Services
950,Agneta,Collen,acollenqd@ezinearticles.com,Engineering
951,Siegfried,Pagden,spagdenqe@alibaba.com,Business Development
952,Zackariah,Saleway,zsalewayqf@gmpg.org,Services
953,Odessa,Bollum,obollumqg@comcast.net,Product Management
954,Mignonne,Duddell,mduddellqh@washington.edu,Engineering
955,Frannie,Dowse,fdowseqi@networksolutions.com,Training
956,Mordy,Kemer,mkemerqj@themeforest.net,Legal
957,Gabriello,Corrie,gcorrieqk@rediff.com,Marketing
958,Langsdon,Abrahamian,labrahamianql@unicef.org,Legal
959,Nikaniki,Mee,nmeeqm@fc2.com,Product Management
960,Eldon,Blanko,eblankoqn@freewebs.com,Legal
961,Maura,Teaser,mteaserqo@ustream.tv,Engineering
962,Jordana,Chestnut,jchestnutqp@moonfruit.com,Legal
963,Justinn,Packer,jpackerqq@wp.com,Product Management
964,Maurice,Circuit,mcircuitqr@bigcartel.com,Legal
965,Ricoriki,Gerardot,rgerardotqs@mail.ru,Research and Development
966,Merry,Jobling,mjoblingqt@blogtalkradio.com,Support
967,Basilius,Village,bvillagequ@squarespace.com,Legal
968,Shannon,Klaes,sklaesqv@rakuten.co.jp,Research and Development
969,Gustav,Leng,glengqw@admin.ch,Business Development
970,Guy,Eagland,geaglandqx@chron.com,Product Management
971,Stanford,Drakard,sdrakardqy@gnu.org,Accounting
972,Sharyl,Steinhammer,ssteinhammerqz@pagesperso-orange.fr,Research and Development
973,Suellen,Klaves,sklavesr0@google.ca,Engineering
974,Julita,Senchenko,jsenchenkor1@slate.com,Support
975,Tadio,Westwater,twestwaterr2@jigsy.com,Accounting
976,Yurik,Aldcorne,yaldcorner3@reverbnation.com,Training
977,Feodor,Heimann,fheimannr4@cnbc.com,Services
978,Chiquia,Headley,cheadleyr5@webnode.com,Services
979,Jyoti,Carrabot,jcarrabotr6@imgur.com,Accounting
980,Joelie,Hawlgarth,jhawlgarthr7@eepurl.com,Marketing
981,Nannie,Storcke,nstorcker8@tiny.cc,Services
982,Blake,Bentham3,bbenthamr9@ftc.gov,Sales
983,Mick,Vanni,mvannira@shinystat.com,Training
984,Tomasine,Andino,tandinorb@biglobe.ne.jp,Business Development
985,Alejoa,Assel,aasselrc@4shared.com,Research and Development
986,Marney,Eshelby,meshelbyrd@upenn.edu,Marketing
987,Rorie,Perkis,rperkisre@prweb.com,Accounting
988,Philomena,McAviy,pmcaviyrf@vkontakte.ru,Training
989,Osbourn,Tiron,otironrg@jiathis.com,Business Development
990,Bank,Packwood,bpackwoodrh@histats.com,Sales
991,Ninetta,Magson,nmagsonri@quantcast.com,Services
992,Corrianne,Kleiner,ckleinerrj@forbes.com,Product Management
993,Farly,Whitehead,fwhiteheadrk@gizmodo.com,Research and Development
994,Baudoin,Yallowley,byallowleyrl@dot.gov,Human Resources
995,Randy,Tellenbach,rtellenbachrm@businessweek.com,Accounting
996,Izzy,Barfford,ibarffordrn@japanpost.jp,Support
997,Byrle,Tournay,btournayro@altervista.org,Legal
998,Lucie,Desport,ldesportrp@1und1.de,Marketing
999,Stan,O'Hoolahan,sohoolahanrq@barnesandnoble.com,Human Resources
1000,Ruperto,Shirlaw,rshirlawrr@facebook.com,Accounting
